<?xml version="1.0" encoding="UTF-8"?>
<GenRun Id="impl_1" LaunchPart="xc7a35tcpg236-1" LaunchTime="1770653742">
  <File Type="ROUTE-PWR" Name="conv_power_routed.rpt"/>
  <File Type="PA-TCL" Name="conv.tcl"/>
  <File Type="ROUTE-PWR-SUM" Name="conv_power_summary_routed.pb"/>
  <File Type="REPORTS-TCL" Name="conv_reports.tcl"/>
  <File Type="OPT-RQA-PB" Name="conv_rqa_opted.pb"/>
  <File Type="BITSTR-MMI" Name="conv.mmi"/>
  <File Type="OPT-METHODOLOGY-DRC" Name="conv_methodology_drc_opted.rpt"/>
  <File Type="INIT-TIMING" Name="conv_timing_summary_init.rpt"/>
  <File Type="OPT-TIMING" Name="conv_timing_summary_opted.rpt"/>
  <File Type="OPT-DCP" Name="conv_opt.dcp"/>
  <File Type="OPT-DRC" Name="conv_drc_opted.rpt"/>
  <File Type="OPT-HWDEF" Name="conv.hwdef"/>
  <File Type="PWROPT-DCP" Name="conv_pwropt.dcp"/>
  <File Type="PWROPT-DRC" Name="conv_drc_pwropted.rpt"/>
  <File Type="PWROPT-TIMING" Name="conv_timing_summary_pwropted.rpt"/>
  <File Type="PLACE-DCP" Name="conv_placed.dcp"/>
  <File Type="PLACE-IO" Name="conv_io_placed.rpt"/>
  <File Type="PLACE-CLK" Name="conv_clock_utilization_placed.rpt"/>
  <File Type="PLACE-UTIL" Name="conv_utilization_placed.rpt"/>
  <File Type="PLACE-UTIL-PB" Name="conv_utilization_placed.pb"/>
  <File Type="PLACE-CTRL" Name="conv_control_sets_placed.rpt"/>
  <File Type="PLACE-SIMILARITY" Name="conv_incremental_reuse_placed.rpt"/>
  <File Type="PLACE-PRE-SIMILARITY" Name="conv_incremental_reuse_pre_placed.rpt"/>
  <File Type="BG-BIN" Name="conv.bin"/>
  <File Type="PLACE-TIMING" Name="conv_timing_summary_placed.rpt"/>
  <File Type="ROUTE-PWR-RPX" Name="conv_power_routed.rpx"/>
  <File Type="PLACE-RQA-PB" Name="conv_rqa_placed.pb"/>
  <File Type="POSTPLACE-PWROPT-DCP" Name="conv_postplace_pwropt.dcp"/>
  <File Type="BITSTR-MSK" Name="conv.msk"/>
  <File Type="POSTPLACE-PWROPT-TIMING" Name="conv_timing_summary_postplace_pwropted.rpt"/>
  <File Type="PHYSOPT-DCP" Name="conv_physopt.dcp"/>
  <File Type="PHYSOPT-DRC" Name="conv_drc_physopted.rpt"/>
  <File Type="BITSTR-RBT" Name="conv.rbt"/>
  <File Type="PHYSOPT-TIMING" Name="conv_timing_summary_physopted.rpt"/>
  <File Type="ROUTE-ERROR-DCP" Name="conv_routed_error.dcp"/>
  <File Type="ROUTE-DCP" Name="conv_routed.dcp"/>
  <File Type="ROUTE-BLACKBOX-DCP" Name="conv_routed_bb.dcp"/>
  <File Type="ROUTE-DRC" Name="conv_drc_routed.rpt"/>
  <File Type="ROUTE-DRC-PB" Name="conv_drc_routed.pb"/>
  <File Type="ROUTE-DRC-RPX" Name="conv_drc_routed.rpx"/>
  <File Type="ROUTE-METHODOLOGY-DRC" Name="conv_methodology_drc_routed.rpt"/>
  <File Type="ROUTE-METHODOLOGY-DRC-RPX" Name="conv_methodology_drc_routed.rpx"/>
  <File Type="ROUTE-METHODOLOGY-DRC-PB" Name="conv_methodology_drc_routed.pb"/>
  <File Type="ROUTE-RQS-PB" Name="conv_rqs_routed.pb"/>
  <File Type="ROUTE-STATUS" Name="conv_route_status.rpt"/>
  <File Type="ROUTE-STATUS-PB" Name="conv_route_status.pb"/>
  <File Type="ROUTE-TIMINGSUMMARY" Name="conv_timing_summary_routed.rpt"/>
  <File Type="ROUTE-TIMING-PB" Name="conv_timing_summary_routed.pb"/>
  <File Type="ROUTE-TIMING-RPX" Name="conv_timing_summary_routed.rpx"/>
  <File Type="ROUTE-SIMILARITY" Name="conv_incremental_reuse_routed.rpt"/>
  <File Type="ROUTE-CLK" Name="conv_clock_utilization_routed.rpt"/>
  <File Type="ROUTE-BUS-SKEW" Name="conv_bus_skew_routed.rpt"/>
  <File Type="ROUTE-BUS-SKEW-PB" Name="conv_bus_skew_routed.pb"/>
  <File Type="ROUTE-BUS-SKEW-RPX" Name="conv_bus_skew_routed.rpx"/>
  <File Type="POSTROUTE-PHYSOPT-DCP" Name="conv_postroute_physopt.dcp"/>
  <File Type="POSTROUTE-PHYSOPT-BLACKBOX-DCP" Name="conv_postroute_physopt_bb.dcp"/>
  <File Type="POSTROUTE-PHYSOPT-TIMING" Name="conv_timing_summary_postroute_physopted.rpt"/>
  <File Type="POSTROUTE-PHYSOPT-TIMING-PB" Name="conv_timing_summary_postroute_physopted.pb"/>
  <File Type="POSTROUTE-PHYSOPT-TIMING-RPX" Name="conv_timing_summary_postroute_physopted.rpx"/>
  <File Type="POSTROUTE-PHYSOPT-BUS-SKEW" Name="conv_bus_skew_postroute_physopted.rpt"/>
  <File Type="BG-BIT" Name="conv.bit"/>
  <File Type="POSTROUTE-PHYSOPT-BUS-SKEW-PB" Name="conv_bus_skew_postroute_physopted.pb"/>
  <File Type="POSTROUTE-PHYSOPT-BUS-SKEW-RPX" Name="conv_bus_skew_postroute_physopted.rpx"/>
  <File Type="BITSTR-NKY" Name="conv.nky"/>
  <File Type="BITSTR-BMM" Name="conv_bd.bmm"/>
  <File Type="PDI-FILE" Name="conv.pdi"/>
  <File Type="BOOT-PDI-FILE" Name="conv_boot.pdi"/>
  <File Type="PL-PDI-FILE" Name="conv_pld.pdi"/>
  <File Type="RCFI_FILE" Name="conv.rcfi"/>
  <File Type="CFI_FILE" Name="conv.cfi"/>
  <File Type="RNPI_FILE" Name="conv.rnpi"/>
  <File Type="NPI_FILE" Name="conv.npi"/>
  <File Type="RBD_FILE" Name="conv.rbd"/>
  <File Type="BITSTR-LTX" Name="debug_nets.ltx"/>
  <File Type="BITSTR-LTX" Name="conv.ltx"/>
  <File Type="BITSTR-SYSDEF" Name="conv.sysdef"/>
  <File Type="BG-BGN" Name="conv.bgn"/>
  <File Type="BG-DRC" Name="conv.drc"/>
  <File Type="RDI-RDI" Name="conv.vdi"/>
  <File Type="WBT-USG" Name="usage_statistics_webtalk.html"/>
  <File Type="ROUTE-RQS" Name="conv_routed.rqs"/>
  <File Type="POSTROUTE-PHYSOPT-RQS" Name="conv_postroute_physopted.rqs"/>
  <File Type="ROUTE-RQS-RPT" Name="route_report_qor_suggestions_0.rpt"/>
  <File Type="POSTROUTE-PHYSOPT-RQS-RPT" Name="postroute_physopt_report_qor_suggestions_0.rpt"/>
  <FileSet Name="sources" Type="DesignSrcs" RelSrcDir="$PSRCDIR/sources_1" RelGenDir="$PGENDIR/sources_1">
    <Filter Type="Srcs"/>
    <File Path="$PSRCDIR/sources_1/new/Bram.v">
      <FileInfo>
        <Attr Name="UsedIn" Val="synthesis"/>
        <Attr Name="UsedIn" Val="implementation"/>
        <Attr Name="UsedIn" Val="simulation"/>
      </FileInfo>
    </File>
    <File Path="$PSRCDIR/sources_1/new/Multiply_Accumulate.v">
      <FileInfo>
        <Attr Name="UsedIn" Val="synthesis"/>
        <Attr Name="UsedIn" Val="implementation"/>
        <Attr Name="UsedIn" Val="simulation"/>
      </FileInfo>
    </File>
    <File Path="$PSRCDIR/sources_1/new/Register_mod.v">
      <FileInfo>
        <Attr Name="UsedIn" Val="synthesis"/>
        <Attr Name="UsedIn" Val="implementation"/>
        <Attr Name="UsedIn" Val="simulation"/>
      </FileInfo>
    </File>
    <File Path="$PSRCDIR/sources_1/new/convolution_op.v">
      <FileInfo>
        <Attr Name="UsedIn" Val="synthesis"/>
        <Attr Name="UsedIn" Val="implementation"/>
        <Attr Name="UsedIn" Val="simulation"/>
      </FileInfo>
    </File>
    <Config>
      <Option Name="DesignMode" Val="RTL"/>
      <Option Name="TopModule" Val="conv"/>
      <Option Name="TopAutoSet" Val="TRUE"/>
    </Config>
  </FileSet>
  <FileSet Name="constrs_in" Type="Constrs" RelSrcDir="$PSRCDIR/constrs_1" RelGenDir="$PGENDIR/constrs_1">
    <Filter Type="Constrs"/>
    <Config>
      <Option Name="ConstrsType" Val="XDC"/>
    </Config>
  </FileSet>
  <FileSet Name="utils" Type="Utils" RelSrcDir="$PSRCDIR/utils_1" RelGenDir="$PGENDIR/utils_1">
    <Filter Type="Utils"/>
    <File Path="$PSRCDIR/utils_1/imports/synth_1/conv.dcp">
      <FileInfo>
        <Attr Name="UsedIn" Val="synthesis"/>
        <Attr Name="UsedIn" Val="implementation"/>
        <Attr Name="UsedInSteps" Val="synth_1"/>
        <Attr Name="AutoDcp" Val="1"/>
      </FileInfo>
    </File>
    <Config>
      <Option Name="TopAutoSet" Val="TRUE"/>
    </Config>
  </FileSet>
  <Strategy Version="1" Minor="2">
    <StratHandle Name="Vivado Implementation Defaults" Flow="Vivado Implementation 2023"/>
    <Step Id="init_design"/>
    <Step Id="opt_design"/>
    <Step Id="power_opt_design"/>
    <Step Id="place_design"/>
    <Step Id="post_place_power_opt_design"/>
    <Step Id="phys_opt_design"/>
    <Step Id="route_design"/>
    <Step Id="post_route_phys_opt_design"/>
    <Step Id="write_bitstream"/>
  </Strategy>
</GenRun>
